{"cameraMode":{"drawMode":0,"name":"Shaded","section":"Shading Mode"},"sceneLighting":true,"audioPlay":false,"sceneViewState":{"showFog":true,"showMaterialUpdate":false,"showSkybox":true,"showFlares":true,"showImageEffects":true,"showParticleSystems":true},"in2DMode":false,"pivot":{"x":0.22235289216041566,"y":1.7671763896942139,"z":-0.1939905434846878},"rotation":{"x":-0.0006780700641684234,"y":0.9978774189949036,"z":-0.06445233523845673,"w":-0.010477990843355656},"size":0.06324517726898194,"orthographic":false}